Samples,Biome,Habitat,Location,Chla_waterORflSPFluorescence,Chla_sed,Phaeop_sed,CPE_sed,POC_sed,Temperature,Salinity,O2_mglt,silt_clay,sand
ERR1906856,Lagoon,Logarou,LOin,1.147296,6.742082534,8.99409309,15.73617562,21320.32147,11.1,27.8,8.42,3.29439559,96.70560441
ERR1906861,Sea,Kalamitsi,Kal,0.99,2.128711019,1.760383576,3.889094595,5954.198473,19.77,38.82,6.81,1.523781402,98.4762186
ERR1906866,River,Arachthos,AR,0.4845,0.966869609,1.527981735,2.494851344,11684.21053,14.1,0.2,10.24,21.32269099,78.67730901
